UID,Institution,Applican ID,PEP,Criminal,Expected employment key,Expected occupation key
10512,TW,1772,NULL,NULL,C,045
10744,CAYMAN,367,NULL,NULL,C,035
10771,CAYMAN,1102,NULL,NULL,C,045
10796,CAYMAN,333,NULL,NULL,C,071
10820,TW,338,NULL,NULL,C,013
11004,CAYMAN,417,NULL,NULL,C,046
11052,CAYMAN,450,NULL,NULL,C,035
11153,CAYMAN,570,NULL,NULL,C,035
11171,CAYMAN,596,NULL,NULL,C,045
11218,CAYMAN,1778,NULL,NULL,C,071
11232,CAYMAN,1932,NULL,NULL,C,071
11292,TW,1094,NULL,NULL,C,045
11362,TW,716,NULL,NULL,C,071
11408,TW,765,NULL,NULL,C,035
11417,CAYMAN,768,NULL,NULL,C,045
11420,TW,772,NULL,NULL,C,035
11455,TW,786,NULL,NULL,C,010
11469,TW,1011,NULL,NULL,C,046
11603,CAYMAN,907,NULL,NULL,C,044
11621,CAYMAN,923,NULL,NULL,C,071
11691,CAYMAN,1038,NULL,NULL,C,045
11717,TW,1076,NULL,NULL,C,071
11742,TW,1122,NULL,NULL,C,071
11838,CAYMAN,1237,NULL,NULL,C,045
11945,CAYMAN,1360,NULL,NULL,C,074
11965,CAYMAN,2403,NULL,NULL,C,071
12034,TW,2472,NULL,NULL,C,071
12183,CAYMAN,2621,NULL,NULL,C,071
12201,TW,2639,NULL,NULL,C,046
12286,CAYMAN,2724,NULL,NULL,C,046
12559,CAYMAN,2998,NULL,NULL,C,036
12656,CAYMAN,3095,NULL,NULL,C,071
12894,CAYMAN,3333,NULL,NULL,C,071
13021,CAYMAN,3460,NULL,NULL,C,045
13031,CAYMAN,3470,NULL,NULL,C,071
13062,CAYMAN,3501,NULL,NULL,C,071
13065,CAYMAN,3504,NULL,NULL,C,071
13066,CAYMAN,3505,NULL,NULL,C,071
13072,CAYMAN,3511,NULL,NULL,C,071
13290,TW,3729,NULL,NULL,C,041
13293,TW,3732,NULL,NULL,C,071
13338,CAYMAN,3777,NULL,NULL,C,071
13358,CAYMAN,3797,NULL,NULL,C,045
13377,TW,3816,NULL,NULL,C,071
13383,CAYMAN,3822,NULL,NULL,C,071
13403,TW,3842,NULL,NULL,C,045
13484,TW,3923,NULL,NULL,C,032
13502,CAYMAN,3941,NULL,NULL,C,045
13603,CAYMAN,4042,NULL,NULL,C,071
14087,CAYMAN,4526,NULL,NULL,C,071
14105,CAYMAN,4544,NULL,NULL,C,074
14335,TW,4774,NULL,NULL,C,041
14418,CAYMAN,4857,NULL,NULL,C,071
14431,CAYMAN,4870,NULL,NULL,C,041
14586,CAYMAN,5025,NULL,NULL,C,036
14740,CAYMAN,5179,NULL,NULL,C,045
14806,CAYMAN,5245,NULL,NULL,C,071
14951,CAYMAN,5390,NULL,NULL,C,071
14959,CAYMAN,5398,NULL,NULL,C,071
15269,CAYMAN,5708,NULL,NULL,C,071
15299,TW,5738,NULL,NULL,C,032
15329,CAYMAN,5768,NULL,NULL,C,071
15382,CAYMAN,5821,NULL,NULL,C,074
15401,TW,5840,NULL,NULL,C,036
15683,CAYMAN,6122,NULL,NULL,C,071
15835,TW,6274,NULL,NULL,C,046
15841,CAYMAN,6280,NULL,NULL,C,071
15864,TW,6303,NULL,NULL,C,035
15868,CAYMAN,6307,NULL,NULL,C,071
15890,CAYMAN,6329,NULL,NULL,C,071
15964,CAYMAN,6403,NULL,NULL,C,071
15975,TW,6414,NULL,NULL,C,041
16017,TW,6456,NULL,NULL,C,010
16042,CAYMAN,6481,NULL,NULL,C,045
16053,TW,6492,NULL,NULL,C,036
16062,CAYMAN,6501,NULL,NULL,C,010
16177,CAYMAN,6616,NULL,NULL,C,071
16293,CAYMAN,6732,NULL,NULL,C,010
16308,CAYMAN,6747,NULL,NULL,C,071
16384,TW,6823,NULL,NULL,C,071
16439,CAYMAN,6878,NULL,NULL,C,045
16504,CAYMAN,6943,NULL,NULL,C,071
16692,CAYMAN,7131,NULL,NULL,C,071
16710,CAYMAN,7148,NULL,NULL,C,071
16835,CAYMAN,7214,NULL,NULL,C,071
16845,CAYMAN,7219,NULL,NULL,C,071
16901,CAYMAN,7250,NULL,NULL,C,071
17049,CAYMAN,7398,NULL,NULL,C,071
17055,CAYMAN,7404,NULL,NULL,C,035
17064,CAYMAN,7413,NULL,NULL,C,071
17068,CAYMAN,7417,NULL,NULL,C,071
17094,TW,7443,NULL,NULL,C,071
17118,CAYMAN,7467,NULL,NULL,C,071
17137,CAYMAN,7486,NULL,NULL,C,071
17179,CAYMAN,7528,NULL,NULL,C,071
17432,CAYMAN,7781,NULL,NULL,C,071
17470,CAYMAN,7819,NULL,NULL,C,071
17558,CAYMAN,7907,NULL,NULL,C,071
17570,CAYMAN,7919,NULL,NULL,C,071
17574,CAYMAN,7923,NULL,NULL,C,071
17609,CAYMAN,7958,NULL,NULL,C,071
17637,CAYMAN,7986,NULL,NULL,C,074
17710,CAYMAN,8058,NULL,NULL,C,071
17774,CAYMAN,8122,NULL,NULL,C,071
17899,CAYMAN,8246,NULL,NULL,C,045
17942,CAYMAN,8289,NULL,NULL,C,071
18041,CAYMAN,8387,NULL,NULL,C,045
18131,CAYMAN,8477,NULL,NULL,C,071
18138,CAYMAN,8484,NULL,NULL,C,045
18148,CAYMAN,8494,NULL,NULL,C,071
18200,CAYMAN,8545,NULL,NULL,C,046
18322,CAYMAN,8667,NULL,NULL,C,071
18330,CAYMAN,8675,NULL,NULL,C,071
18399,CAYMAN,8744,NULL,NULL,C,071
18411,CAYMAN,8756,NULL,NULL,C,071
18616,CAYMAN,8960,NULL,NULL,C,071
18618,CAYMAN,8962,NULL,NULL,C,071
18682,CAYMAN,9026,NULL,NULL,C,071
18703,CAYMAN,9047,NULL,NULL,C,071
18722,CAYMAN,9066,NULL,NULL,C,071
18743,CAYMAN,9087,NULL,NULL,C,071
19213,CAYMAN,9557,NULL,NULL,C,071
19263,CAYMAN,9607,NULL,NULL,C,071
19352,CAYMAN,9696,NULL,NULL,C,071
19366,CAYMAN,9710,NULL,NULL,C,071
19393,CAYMAN,9737,NULL,NULL,C,071
19401,CAYMAN,9745,NULL,NULL,C,071
19411,CAYMAN,9755,NULL,NULL,C,071
19475,CAYMAN,9819,NULL,NULL,C,074
19479,CAYMAN,9823,NULL,NULL,C,071
19509,CAYMAN,9853,NULL,NULL,C,071
19569,CAYMAN,9913,NULL,NULL,C,071
19575,CAYMAN,9919,NULL,NULL,C,071
19583,CAYMAN,9927,NULL,NULL,C,071
20615,CAYMAN,10959,NULL,NULL,C,071
20682,CAYMAN,11026,NULL,NULL,C,071
20697,CAYMAN,11041,NULL,NULL,C,071
20738,CAYMAN,11082,NULL,NULL,C,071
20848,CAYMAN,11191,NULL,NULL,C,071
20874,CAYMAN,11217,NULL,NULL,C,071
21167,CAYMAN,11510,NULL,NULL,C,074
21168,CAYMAN,11511,NULL,NULL,C,071
21195,CAYMAN,11538,NULL,NULL,C,045
21457,CAYMAN,11800,NULL,NULL,C,071
21459,CAYMAN,11802,NULL,NULL,C,071
21530,CAYMAN,11873,NULL,NULL,C,046
21548,CAYMAN,11891,NULL,NULL,C,071
21566,CAYMAN,11909,NULL,NULL,C,045
21617,CAYMAN,11960,NULL,NULL,C,071
21637,CAYMAN,11980,NULL,NULL,C,071
21812,CAYMAN,12155,NULL,NULL,C,071
22016,CAYMAN,12359,NULL,NULL,C,045
22074,CAYMAN,12417,NULL,NULL,C,071
22151,CAYMAN,12494,NULL,NULL,C,071
22156,CAYMAN,12499,NULL,NULL,C,071
22177,CAYMAN,12520,NULL,NULL,C,071
22376,CAYMAN,12719,NULL,NULL,C,071
22558,CAYMAN,12901,NULL,NULL,C,071
22581,CAYMAN,12924,NULL,NULL,C,071
22733,CAYMAN,13076,NULL,NULL,C,074
22795,CAYMAN,13138,NULL,NULL,C,071
22837,CAYMAN,13180,NULL,NULL,C,071
22900,CAYMAN,13243,NULL,NULL,C,074
23182,CAYMAN,13525,NULL,NULL,C,071
23198,CAYMAN,13541,NULL,NULL,C,071
23242,CAYMAN,13585,NULL,NULL,C,071
23291,CAYMAN,13634,NULL,NULL,C,071
23399,CAYMAN,13742,NULL,NULL,C,071
23737,TW,14080,NULL,NULL,C,010
23790,CAYMAN,14133,NULL,NULL,C,071
23795,CAYMAN,14138,NULL,NULL,C,074
23832,CAYMAN,14175,NULL,NULL,C,071
23858,CAYMAN,14201,NULL,NULL,C,071
23890,CAYMAN,14233,NULL,NULL,C,041
24060,CAYMAN,14403,NULL,NULL,C,071
24091,TW,14434,NULL,NULL,C,071
24129,CAYMAN,14472,NULL,NULL,C,045
24308,CAYMAN,14651,NULL,NULL,C,045
24433,CAYMAN,14776,NULL,NULL,C,071
24543,CAYMAN,14886,NULL,NULL,C,071
24703,TW,15046,NULL,NULL,C,036
24710,CAYMAN,15053,NULL,NULL,C,071
24722,TW,15065,NULL,NULL,C,071
24765,CAYMAN,15108,NULL,NULL,C,071
24954,CAYMAN,15297,NULL,NULL,C,071
24956,CAYMAN,15299,NULL,NULL,C,046
25046,TW,15389,NULL,NULL,C,071
25076,CAYMAN,15419,NULL,NULL,C,071
25128,CAYMAN,15471,NULL,NULL,C,071
25140,CAYMAN,15483,NULL,NULL,C,036
25154,TW,15497,NULL,NULL,C,071
25223,CAYMAN,15566,NULL,NULL,C,074
25287,CAYMAN,15630,NULL,NULL,C,045
25519,CAYMAN,15862,NULL,NULL,C,071
25563,CAYMAN,15906,NULL,NULL,C,071
25696,CAYMAN,16037,NULL,NULL,C,071
25744,CAYMAN,16085,NULL,NULL,C,010
25754,TW,16095,NULL,NULL,C,071
25926,CAYMAN,16267,NULL,NULL,C,071
25964,TW,16305,NULL,NULL,C,032
26071,CAYMAN,16412,NULL,NULL,C,071
26089,CAYMAN,16430,NULL,NULL,C,041
26154,CAYMAN,16495,NULL,NULL,C,071
26335,CAYMAN,16676,NULL,NULL,C,045
26387,CAYMAN,16728,NULL,NULL,C,071
26485,CAYMAN,16826,NULL,NULL,C,045
26490,CAYMAN,16831,NULL,NULL,C,041
26577,TW,16918,NULL,NULL,C,071
26609,TW,16950,NULL,NULL,C,071
26637,CAYMAN,16978,NULL,NULL,C,071
26643,TW,16984,NULL,NULL,C,036
26661,CAYMAN,17002,NULL,NULL,C,071
26744,CAYMAN,17085,NULL,NULL,C,045
26748,CAYMAN,17089,NULL,NULL,C,071
26846,CAYMAN,17187,NULL,NULL,C,071
27061,TW,17402,NULL,NULL,C,071
27065,CAYMAN,17406,NULL,NULL,C,071
27094,CAYMAN,17435,NULL,NULL,C,071
27095,CAYMAN,17436,NULL,NULL,C,071
27096,TW,17437,NULL,NULL,C,071
27148,TW,17489,NULL,NULL,C,046
27163,TW,17504,NULL,NULL,C,071
27239,CAYMAN,17580,NULL,NULL,C,041
27297,TW,17638,NULL,NULL,C,071
27337,CAYMAN,17678,NULL,NULL,C,071
27341,CAYMAN,17682,NULL,NULL,C,071
27342,TW,17683,NULL,NULL,C,071
27450,CAYMAN,17791,NULL,NULL,C,071
27477,CAYMAN,17818,NULL,NULL,C,045
27494,TW,17835,NULL,NULL,C,071
27503,TW,17844,NULL,NULL,C,028
27523,CAYMAN,17864,NULL,NULL,C,071
27567,CAYMAN,17908,NULL,NULL,C,071
27585,CAYMAN,17926,NULL,NULL,C,071
27639,TW,17980,NULL,NULL,C,036
27730,TW,18071,NULL,NULL,C,010
27758,CAYMAN,18099,NULL,NULL,C,035
27808,TW,18149,NULL,NULL,C,071
27918,CAYMAN,18259,NULL,NULL,C,071
28100,CAYMAN,18441,NULL,NULL,C,071
28110,CAYMAN,18451,NULL,NULL,C,071
28280,TW,18621,NULL,NULL,C,045
28281,CAYMAN,18622,NULL,NULL,C,010
28284,CAYMAN,18625,NULL,NULL,C,071
28285,CAYMAN,18626,NULL,NULL,C,010
28289,CAYMAN,18630,NULL,NULL,C,045
28310,TW,18651,NULL,NULL,C,071
28383,TW,18724,NULL,NULL,C,071
28422,TW,18763,NULL,NULL,C,045
28423,TW,18764,NULL,NULL,C,045
28487,TW,18828,NULL,NULL,C,033
28508,TW,18849,NULL,NULL,C,036
28606,TW,18947,NULL,NULL,C,041
28643,TW,18984,NULL,NULL,C,071
28720,CAYMAN,19061,NULL,NULL,C,036
28748,TW,19089,NULL,NULL,C,071
28763,TW,19104,NULL,NULL,C,035
28788,TW,19129,NULL,NULL,C,071
28795,TW,19136,NULL,NULL,C,041
28866,TW,19207,NULL,NULL,C,071
28868,TW,19209,NULL,NULL,C,035
28877,TW,19218,NULL,NULL,C,035
28930,TW,19271,NULL,NULL,C,045
28974,TW,19315,NULL,NULL,C,071
29025,TW,19366,NULL,NULL,C,045
29031,TW,19372,NULL,NULL,C,046
29096,TW,19437,NULL,NULL,C,071
29146,TW,19487,NULL,NULL,C,045
29216,CAYMAN,19557,NULL,NULL,C,071
29234,TW,19575,NULL,NULL,C,071
29254,CAYMAN,19595,NULL,NULL,C,071
29332,CAYMAN,19673,NULL,NULL,C,045
29350,CAYMAN,19691,NULL,NULL,C,045
29362,TW,19703,NULL,NULL,C,071
29374,TW,19715,NULL,NULL,C,071
29398,TW,19739,NULL,NULL,C,046
29400,TW,19741,NULL,NULL,C,071
29404,CAYMAN,19745,NULL,NULL,C,071
29421,CAYMAN,19762,NULL,NULL,C,045
29599,TW,19940,NULL,NULL,C,035
29621,TW,19962,NULL,NULL,C,010
29727,TW,20068,NULL,NULL,C,071
29772,TW,20113,NULL,NULL,C,071
29810,TW,20151,NULL,NULL,C,035
29933,CAYMAN,20274,NULL,NULL,C,071
29961,TW,20302,NULL,NULL,C,071
30008,CAYMAN,20349,NULL,NULL,C,071
30025,CAYMAN,20366,NULL,NULL,C,071
30057,CAYMAN,20398,NULL,NULL,C,071
30198,CAYMAN,20539,NULL,NULL,C,071
30214,TW,20555,NULL,NULL,C,045
30215,TW,20556,NULL,NULL,C,010
30227,TW,20568,NULL,NULL,C,071
30229,TW,20570,NULL,NULL,C,044
30286,TW,20627,NULL,NULL,C,071
30343,TW,20684,NULL,NULL,C,071
30391,CAYMAN,20732,NULL,NULL,C,071
30432,CAYMAN,20773,NULL,NULL,C,071
30512,TW,20853,NULL,NULL,C,035
30523,TW,20864,NULL,NULL,C,071
30534,TW,20875,NULL,NULL,C,035
30569,TW,20910,NULL,NULL,C,071
30582,TW,20923,NULL,NULL,C,071
30645,TW,20986,NULL,NULL,C,041
30651,TW,20992,NULL,NULL,C,071
30696,TW,21037,NULL,NULL,C,035
30739,TW,21080,NULL,NULL,C,071
30796,TW,21137,NULL,NULL,C,071
30802,CAYMAN,21143,NULL,NULL,C,071
30923,TW,21264,NULL,NULL,C,071
30941,TW,21282,NULL,NULL,C,035
31063,TW,21404,NULL,NULL,C,071
31065,TW,21406,NULL,NULL,C,071
31107,TW,21448,NULL,NULL,C,041
31124,CAYMAN,21465,NULL,NULL,C,046
31135,TW,21476,NULL,NULL,C,045
31197,TW,21538,NULL,NULL,C,041
31201,TW,21542,NULL,NULL,C,035
31216,CAYMAN,21557,NULL,NULL,C,071
31236,TW,21577,NULL,NULL,C,035
31266,TW,21607,NULL,NULL,C,045
31275,TW,21616,NULL,NULL,C,036
31297,TW,21638,NULL,NULL,C,045
31334,TW,21675,NULL,NULL,C,071
31383,TW,21724,NULL,NULL,C,045
31390,TW,21731,NULL,NULL,C,012
31419,TW,21760,NULL,NULL,C,035
31448,TW,21789,NULL,NULL,C,046
31454,TW,21795,NULL,NULL,C,071
31604,TW,21945,NULL,NULL,C,071
31782,TW,22123,NULL,NULL,C,071
31788,TW,22129,NULL,NULL,C,046
31820,CAYMAN,22161,NULL,NULL,C,074
31899,TW,22240,NULL,NULL,C,035
31916,TW,22257,NULL,NULL,C,071
31939,TW,22280,NULL,NULL,C,071
31973,CAYMAN,22315,NULL,NULL,C,071
32185,CAYMAN,22527,NULL,NULL,C,071
32187,TW,22529,NULL,NULL,C,036
32189,TW,22531,NULL,NULL,C,045
32229,TW,22571,NULL,NULL,C,071
32237,TW,22579,NULL,NULL,C,010
32267,TW,22609,NULL,NULL,C,045
32274,TW,22616,NULL,NULL,C,071
32276,TW,22618,NULL,NULL,C,071
32290,TW,22632,NULL,NULL,C,071
32448,CAYMAN,22790,NULL,NULL,C,071
32511,TW,22853,NULL,NULL,C,044
32543,TW,22885,NULL,NULL,C,071
32596,TW,22938,NULL,NULL,C,071
32608,TW,22950,NULL,NULL,C,045
32622,TW,22964,NULL,NULL,C,045
32684,TW,23026,NULL,NULL,C,071
32710,TW,23052,NULL,NULL,C,071
32729,CAYMAN,23071,NULL,NULL,C,071
32854,CAYMAN,23196,NULL,NULL,C,071
32870,CAYMAN,23212,NULL,NULL,C,071
32918,CAYMAN,23260,NULL,NULL,C,071
32930,CAYMAN,23272,NULL,NULL,C,071
32964,TW,23306,NULL,NULL,C,044
33048,TW,23390,NULL,NULL,C,010
33067,TW,23409,NULL,NULL,C,045
33112,TW,23454,NULL,NULL,C,071
33133,CAYMAN,23475,NULL,NULL,C,045
33153,TW,23495,NULL,NULL,C,071
33169,TW,23511,NULL,NULL,C,035
33212,TW,23554,NULL,NULL,C,044
33230,CAYMAN,23572,NULL,NULL,C,071
33241,TW,23583,NULL,NULL,C,071
33270,TW,23612,NULL,NULL,C,071
33281,TW,23623,NULL,NULL,C,071
33283,CAYMAN,23625,NULL,NULL,C,036
33285,CAYMAN,23627,NULL,NULL,C,071
33289,TW,23631,NULL,NULL,C,046
33301,TW,23643,NULL,NULL,C,071
33348,CAYMAN,23690,NULL,NULL,C,035
33376,CAYMAN,23718,NULL,NULL,C,035
33478,TW,23820,NULL,NULL,C,071
33489,TW,23831,NULL,NULL,C,071
33494,TW,23836,NULL,NULL,C,045
33504,TW,23846,NULL,NULL,C,041
33507,TW,23849,NULL,NULL,C,071
33512,CAYMAN,23854,NULL,NULL,C,045
33519,TW,23861,NULL,NULL,C,071
33533,TW,23875,NULL,NULL,C,071
33586,TW,23928,NULL,NULL,C,035
33663,TW,24005,NULL,NULL,C,071
33667,TW,24009,NULL,NULL,C,071
33684,TW,24026,NULL,NULL,C,071
33689,TW,24031,NULL,NULL,C,045
33691,TW,24033,NULL,NULL,C,071
33701,TW,24043,NULL,NULL,C,035
33712,TW,24054,NULL,NULL,C,071
33722,CAYMAN,24064,NULL,NULL,C,071
33726,TW,24068,NULL,NULL,C,071
33733,TW,24075,NULL,NULL,C,071
33762,TW,24104,NULL,NULL,C,071
33771,TW,24113,NULL,NULL,C,071
33787,TW,24129,NULL,NULL,C,071
33841,TW,24183,NULL,NULL,C,045
33846,TW,24188,NULL,NULL,C,041
33849,TW,24191,NULL,NULL,C,010
33893,TW,24235,NULL,NULL,C,036
33897,TW,24239,NULL,NULL,C,071
33916,TW,24258,NULL,NULL,C,071
33969,TW,24311,NULL,NULL,C,071
34050,TW,24392,NULL,NULL,C,071
34054,CAYMAN,24396,NULL,NULL,C,071
34082,CAYMAN,24424,NULL,NULL,C,071
34093,CAYMAN,24435,NULL,NULL,C,071
34098,CAYMAN,24440,NULL,NULL,C,071
34109,CAYMAN,24451,NULL,NULL,C,010
34131,TW,24473,NULL,NULL,C,071
34224,TW,24566,NULL,NULL,C,071
34234,TW,24576,NULL,NULL,C,010
34320,CAYMAN,24662,NULL,NULL,C,045
34333,TW,24675,NULL,NULL,C,071
34354,TW,24696,NULL,NULL,C,071
34405,TW,24747,NULL,NULL,C,071
34406,TW,24748,NULL,NULL,C,010
34429,CAYMAN,24771,NULL,NULL,C,074
34488,TW,24830,NULL,NULL,C,071
34551,CAYMAN,24893,NULL,NULL,C,045
34560,TW,24902,NULL,NULL,C,071
34596,TW,24938,NULL,NULL,C,071
34654,TW,24996,NULL,NULL,C,035
34661,CAYMAN,25003,NULL,NULL,C,071
34677,CAYMAN,25019,NULL,NULL,C,071
34685,TW,25027,NULL,NULL,C,071
34725,TW,25067,NULL,NULL,C,035
34761,CAYMAN,25103,NULL,NULL,C,071
34797,TW,25139,NULL,NULL,C,071
34861,CAYMAN,25203,NULL,NULL,C,071
34886,CAYMAN,25228,NULL,NULL,C,071
34912,CAYMAN,25254,NULL,NULL,C,041
34927,TW,25269,NULL,NULL,C,071
34933,TW,25275,NULL,NULL,C,035
34940,TW,25282,NULL,NULL,C,071
34941,CAYMAN,25283,NULL,NULL,C,045
34951,CAYMAN,25293,NULL,NULL,C,071
34999,TW,25341,NULL,NULL,C,035
35025,TW,25367,NULL,NULL,C,071
35031,TW,25373,NULL,NULL,C,071
35098,CAYMAN,25440,NULL,NULL,C,045
35104,TW,25446,NULL,NULL,C,035
35144,TW,25486,NULL,NULL,C,071
35162,CAYMAN,25504,NULL,NULL,C,071
35187,TW,25529,NULL,NULL,C,041
35196,TW,25538,NULL,NULL,C,035
35247,TW,25589,NULL,NULL,C,045
35331,TW,25673,NULL,NULL,C,071
35336,CAYMAN,25678,NULL,NULL,C,035
35361,TW,25703,NULL,NULL,C,071
35366,CAYMAN,25708,NULL,NULL,C,071
35382,TW,25724,NULL,NULL,C,046
35397,TW,25739,NULL,NULL,C,071
35416,CAYMAN,25758,NULL,NULL,C,010
35478,TW,25820,NULL,NULL,C,035
35482,TW,25824,NULL,NULL,C,071
35512,CAYMAN,25854,NULL,NULL,C,071
35521,CAYMAN,25863,NULL,NULL,C,071
35561,TW,25903,NULL,NULL,C,071
35595,CAYMAN,25937,NULL,NULL,C,071
35615,TW,25957,NULL,NULL,C,071
35665,CAYMAN,26007,NULL,NULL,C,041
35684,TW,26026,NULL,NULL,C,045
35708,TW,26050,NULL,NULL,C,071
35738,TW,26080,NULL,NULL,C,071
35742,TW,26084,NULL,NULL,C,041
35783,TW,26125,NULL,NULL,C,071
35797,TW,26139,NULL,NULL,C,071
35825,TW,26167,NULL,NULL,C,071
35857,TW,26199,NULL,NULL,C,071
35889,TW,26231,NULL,NULL,C,045
35896,TW,26238,NULL,NULL,C,071
35899,TW,26241,NULL,NULL,C,071
35922,TW,26264,NULL,NULL,C,071
35925,CAYMAN,26267,NULL,NULL,C,071
35959,TW,26301,NULL,NULL,C,071
36027,TW,26369,NULL,NULL,C,071
36054,TW,26396,NULL,NULL,C,045
36063,TW,26405,NULL,NULL,C,071
36080,TW,26422,NULL,NULL,C,071
36097,TW,26439,NULL,NULL,C,071
36105,TW,26447,NULL,NULL,C,071
36137,TW,26479,NULL,NULL,C,071
36159,TW,26501,NULL,NULL,C,071
36224,TW,26566,NULL,NULL,C,071
36249,TW,26591,NULL,NULL,C,071
36251,TW,26593,NULL,NULL,C,071
36278,TW,26620,NULL,NULL,C,071
36283,TW,26625,NULL,NULL,C,071
36311,TW,26653,NULL,NULL,C,071
36317,TW,26659,NULL,NULL,C,071
36323,TW,26665,NULL,NULL,C,071
36342,TW,26684,NULL,NULL,C,071
36441,TW,26783,NULL,NULL,C,071
36479,TW,26821,NULL,NULL,C,071
36485,TW,26827,NULL,NULL,C,071
36530,TW,26872,NULL,NULL,C,035
36532,TW,26874,NULL,NULL,C,045
36571,TW,26913,NULL,NULL,C,071
36632,TW,26974,NULL,NULL,C,046
36687,TW,27029,NULL,NULL,C,071
36695,TW,27037,NULL,NULL,C,071
36706,TW,27048,NULL,NULL,C,071
36707,TW,27049,NULL,NULL,C,071
36762,TW,27104,NULL,NULL,C,035
36765,TW,27107,NULL,NULL,C,071
36775,TW,27117,NULL,NULL,C,071
36780,TW,27122,NULL,NULL,C,032
36800,TW,27142,NULL,NULL,C,071
36803,TW,27145,NULL,NULL,C,071
36886,TW,27228,NULL,NULL,C,071
36889,TW,27231,NULL,NULL,C,071
36892,TW,27234,NULL,NULL,C,071
36901,TW,27243,NULL,NULL,C,071
36904,TW,27246,NULL,NULL,C,071
36939,TW,27281,NULL,NULL,C,071
37017,TW,27359,NULL,NULL,C,071
37036,TW,27378,NULL,NULL,C,071
37061,TW,27403,NULL,NULL,C,045
37115,TW,27457,NULL,NULL,C,032
37156,TW,27498,NULL,NULL,C,035
37187,TW,27529,NULL,NULL,C,071
37203,TW,27545,NULL,NULL,C,071
37232,TW,27574,NULL,NULL,C,071
37239,TW,27581,NULL,NULL,C,071
37266,TW,27608,NULL,NULL,C,071
37268,TW,27610,NULL,NULL,C,033
37274,TW,27616,NULL,NULL,C,071
37295,TW,27637,NULL,NULL,C,071
37307,TW,27649,NULL,NULL,C,071
37360,TW,27702,NULL,NULL,C,071
37370,CAYMAN,27712,NULL,NULL,C,071
37376,TW,27718,NULL,NULL,C,071
37489,TW,27831,NULL,NULL,C,071
37533,TW,27875,NULL,NULL,C,071
37564,TW,27906,NULL,NULL,C,071
37600,TW,27942,NULL,NULL,C,010
37609,TW,27951,NULL,NULL,C,071
37614,TW,27956,NULL,NULL,C,071
37662,TW,28004,NULL,NULL,C,071
37681,TW,28023,NULL,NULL,C,071
37696,TW,28038,NULL,NULL,C,071
37751,TW,28093,NULL,NULL,C,071
37782,TW,28124,NULL,NULL,C,028
37790,TW,28132,NULL,NULL,C,045
37812,TW,28154,NULL,NULL,C,036
37813,TW,28155,NULL,NULL,C,071
37840,TW,28182,NULL,NULL,C,036
37856,TW,28198,NULL,NULL,C,071
37863,TW,28205,NULL,NULL,C,071
37888,CAYMAN,28230,NULL,NULL,C,036
37894,TW,28236,NULL,NULL,C,035
37949,TW,28291,NULL,NULL,C,071
37959,CAYMAN,28301,NULL,NULL,C,071
38040,TW,28382,NULL,NULL,C,071
38044,CAYMAN,28386,NULL,NULL,C,071
38099,CAYMAN,28441,NULL,NULL,C,071
38109,CAYMAN,28451,NULL,NULL,C,071
38125,TW,28467,NULL,NULL,C,071
38126,TW,28468,NULL,NULL,C,071
38148,TW,28490,NULL,NULL,C,071
38159,TW,28501,NULL,NULL,C,071
38189,TW,28531,NULL,NULL,C,035
38206,TW,28548,NULL,NULL,C,071
38220,TW,28562,NULL,NULL,C,071
38267,TW,28609,NULL,NULL,C,036
38316,TW,28658,NULL,NULL,C,071
38378,TW,28720,NULL,NULL,C,071
38431,TW,28773,NULL,NULL,C,071
38454,TW,28796,NULL,NULL,C,071
38455,TW,28797,NULL,NULL,C,036
38480,CAYMAN,28822,NULL,NULL,C,071
38501,TW,28843,NULL,NULL,C,071
38533,TW,28875,NULL,NULL,C,012
38578,TW,28920,NULL,NULL,C,071
38608,CAYMAN,28950,NULL,NULL,C,071
38642,CAYMAN,28984,NULL,NULL,C,045
38684,TW,29026,NULL,NULL,C,071
38706,TW,29048,NULL,NULL,C,071
38762,CAYMAN,29104,NULL,NULL,C,071
38782,TW,29124,NULL,NULL,C,046
38802,TW,29144,NULL,NULL,C,071
38828,TW,29170,NULL,NULL,C,071
38961,CAYMAN,29303,NULL,NULL,C,071
39021,TW,29363,NULL,NULL,C,071
39029,TW,29371,NULL,NULL,C,071
39195,TW,29537,NULL,NULL,C,028
39314,TW,29656,NULL,NULL,C,071
39375,CAYMAN,29717,NULL,NULL,C,045
39395,TW,29737,NULL,NULL,C,071
39430,TW,29772,NULL,NULL,C,045
39434,TW,29776,NULL,NULL,C,071
39473,CAYMAN,29815,NULL,NULL,C,032
39539,TW,29881,NULL,NULL,C,071
39559,TW,29901,NULL,NULL,C,071
39568,TW,29910,NULL,NULL,C,071
39569,TW,29911,NULL,NULL,C,071
39578,TW,29920,NULL,NULL,C,041
39586,TW,29928,NULL,NULL,C,071
39617,CAYMAN,29959,NULL,NULL,C,071
39674,TW,30016,NULL,NULL,C,045
39719,TW,30061,NULL,NULL,C,071
39722,TW,30064,NULL,NULL,C,071
39909,TW,30251,NULL,NULL,C,071
39918,TW,30260,NULL,NULL,C,071
39943,TW,30285,NULL,NULL,C,071
39958,CAYMAN,30300,NULL,NULL,C,071
40113,TW,30455,NULL,NULL,C,046
40114,TW,30456,NULL,NULL,C,044
40165,TW,30507,NULL,NULL,C,071
40168,TW,30510,NULL,NULL,C,071
40181,TW,30523,NULL,NULL,C,071
40276,TW,30618,NULL,NULL,C,013
40280,TW,30622,NULL,NULL,C,010
40321,CAYMAN,30663,NULL,NULL,C,071
40350,TW,30692,NULL,NULL,C,071
40395,TW,30737,NULL,NULL,C,071
40512,TW,30854,NULL,NULL,C,071
40574,TW,30916,NULL,NULL,C,071
40586,TW,30928,NULL,NULL,C,071
40610,TW,30952,NULL,NULL,C,046
40639,TW,30981,NULL,NULL,C,071
40652,TW,30994,NULL,NULL,C,035
40674,TW,31016,NULL,NULL,C,071
40727,TW,31069,NULL,NULL,C,071
40760,TW,31102,NULL,NULL,C,045
40835,TW,31177,NULL,NULL,C,071
40889,TW,31231,NULL,NULL,C,071
40906,TW,31248,NULL,NULL,C,071
40929,TW,31271,NULL,NULL,C,045
40942,TW,31284,NULL,NULL,C,010
40945,TW,31287,NULL,NULL,C,010
40983,CAYMAN,31325,NULL,NULL,C,036
41031,TW,31373,NULL,NULL,C,045
41097,TW,31439,NULL,NULL,C,071
41111,TW,31453,NULL,NULL,C,071
41131,CAYMAN,31473,NULL,NULL,C,071
41142,CAYMAN,31484,NULL,NULL,C,071
41241,CAYMAN,31583,NULL,NULL,C,071
41280,TW,31622,NULL,NULL,C,071
41294,TW,31636,NULL,NULL,C,046
41297,TW,31639,NULL,NULL,C,071
41302,TW,31644,NULL,NULL,C,071
41308,TW,31650,NULL,NULL,C,071
41330,CAYMAN,31672,NULL,NULL,C,071
41362,CAYMAN,31704,NULL,NULL,C,071
41390,TW,31732,NULL,NULL,C,071
41406,TW,31748,NULL,NULL,C,071
41510,CAYMAN,31852,NULL,NULL,C,071
41522,TW,31864,NULL,NULL,C,035
41617,CAYMAN,31959,NULL,NULL,C,071
41632,TW,31974,NULL,NULL,C,041
41646,TW,31988,NULL,NULL,C,071
41664,CAYMAN,32006,NULL,NULL,C,071
41769,TW,32111,NULL,NULL,C,071
41790,CAYMAN,32132,NULL,NULL,C,071
41832,TW,32174,NULL,NULL,C,071
41856,TW,32198,NULL,NULL,C,071
41864,CAYMAN,32206,NULL,NULL,C,071
41877,CAYMAN,32219,NULL,NULL,C,071
41928,TW,32270,NULL,NULL,C,071
41966,CAYMAN,32308,NULL,NULL,C,071
41969,TW,32311,NULL,NULL,C,071
42099,CAYMAN,32441,NULL,NULL,C,071
42103,TW,32445,NULL,NULL,C,071
42132,CAYMAN,32474,NULL,NULL,C,045
42140,TW,32482,NULL,NULL,C,016
42147,TW,32489,NULL,NULL,C,071
42201,CAYMAN,32543,NULL,NULL,C,071
42222,TW,32564,NULL,NULL,C,071
42293,TW,32635,NULL,NULL,C,071
42313,CAYMAN,32655,NULL,NULL,C,071
42317,TW,32659,NULL,NULL,C,071
42318,CAYMAN,32660,NULL,NULL,C,041
42327,TW,32669,NULL,NULL,C,071
42349,CAYMAN,32691,NULL,NULL,C,035
42474,TW,32816,NULL,NULL,C,071
42484,TW,32826,NULL,NULL,C,045
42509,TW,32851,NULL,NULL,C,071
42566,CAYMAN,32908,NULL,NULL,C,041
42573,CAYMAN,32915,NULL,NULL,C,045
42782,CAYMAN,33124,NULL,NULL,C,071
42792,CAYMAN,33134,NULL,NULL,C,071
42796,TW,33138,NULL,NULL,C,071
42843,CAYMAN,33185,NULL,NULL,C,071
42911,TW,33253,NULL,NULL,C,010
42953,TW,33295,NULL,NULL,C,071
42976,TW,33318,NULL,NULL,C,046
42985,TW,33327,NULL,NULL,C,045
42988,TW,33330,NULL,NULL,C,010
43007,TW,33349,NULL,NULL,C,035
43090,TW,33432,NULL,NULL,C,071
43111,TW,33453,NULL,NULL,C,071
43135,CAYMAN,33477,NULL,NULL,C,035
43154,TW,33496,NULL,NULL,C,010
43224,TW,33566,NULL,NULL,C,071
43265,CAYMAN,33607,NULL,NULL,C,045
43290,TW,33632,NULL,NULL,C,071
43296,TW,33638,NULL,NULL,C,071
43310,CAYMAN,33652,NULL,NULL,C,045
43350,CAYMAN,33692,NULL,NULL,C,071
43366,TW,33708,NULL,NULL,C,071
43433,TW,33775,NULL,NULL,C,071
43450,CAYMAN,33792,NULL,NULL,C,071
43477,TW,33819,NULL,NULL,C,074
43613,TW,33955,NULL,NULL,C,071
43627,CAYMAN,33969,NULL,NULL,C,071
43652,CAYMAN,33994,NULL,NULL,C,071
43674,TW,34016,NULL,NULL,C,074
43716,CAYMAN,34058,NULL,NULL,C,071
43735,CAYMAN,34077,NULL,NULL,C,071
43793,CAYMAN,34135,NULL,NULL,C,071
43855,TW,34197,NULL,NULL,C,071
43874,TW,34216,NULL,NULL,C,010
43951,TW,34293,NULL,NULL,C,074
43986,CAYMAN,34328,NULL,NULL,C,071
43996,CAYMAN,34338,NULL,NULL,C,071
44032,CAYMAN,34374,NULL,NULL,C,071
44070,CAYMAN,34412,NULL,NULL,C,071
44132,TW,34474,NULL,NULL,C,071
44186,CAYMAN,34528,NULL,NULL,C,045
44201,TW,34543,NULL,NULL,C,071
44213,CAYMAN,34555,NULL,NULL,C,071
44313,TW,34655,NULL,NULL,C,041
44395,CAYMAN,34737,NULL,NULL,C,071
44397,CAYMAN,34739,NULL,NULL,C,071
44457,CAYMAN,34799,NULL,NULL,C,071
44481,CAYMAN,34823,NULL,NULL,C,071
44562,TW,34904,NULL,NULL,C,071
44565,CAYMAN,34907,NULL,NULL,C,071
44566,TW,34908,NULL,NULL,C,071
44632,TW,34974,NULL,NULL,C,045
44728,TW,35070,NULL,NULL,C,071
44741,TW,35083,NULL,NULL,C,071
44793,TW,35135,NULL,NULL,C,071
44820,TW,35162,NULL,NULL,C,010
44856,CAYMAN,35198,NULL,NULL,C,071
44882,TW,35224,NULL,NULL,C,071
44913,TW,35255,NULL,NULL,C,044
44990,CAYMAN,35332,NULL,NULL,C,041
44996,TW,35338,NULL,NULL,C,071
45023,TW,35365,NULL,NULL,C,041
45071,TW,35413,NULL,NULL,C,071
45077,CAYMAN,35419,NULL,NULL,C,074
45087,TW,35429,NULL,NULL,C,071
45141,CAYMAN,35483,NULL,NULL,C,071
45169,CAYMAN,35511,NULL,NULL,C,010
45182,TW,35524,NULL,NULL,C,045
45202,CAYMAN,35544,NULL,NULL,C,074
45207,TW,35549,NULL,NULL,C,071
45233,CAYMAN,35575,NULL,NULL,C,071
45431,CAYMAN,35773,NULL,NULL,C,071
45490,TW,35832,NULL,NULL,C,035
45572,CAYMAN,35914,NULL,NULL,C,071
45620,TW,35962,NULL,NULL,C,071
45645,TW,35987,NULL,NULL,C,028
45663,TW,36005,NULL,NULL,C,071
45680,CAYMAN,36022,NULL,NULL,C,071
45741,TW,36083,NULL,NULL,C,071
45746,TW,36088,NULL,NULL,C,071
45855,TW,36197,NULL,NULL,C,046
45864,CAYMAN,36206,NULL,NULL,C,071
45893,TW,36235,NULL,NULL,C,071
45914,CAYMAN,36256,NULL,NULL,C,071
45916,CAYMAN,36258,NULL,NULL,C,071
45929,CAYMAN,36271,NULL,NULL,C,071
45964,TW,36306,NULL,NULL,C,071
45974,CAYMAN,36316,NULL,NULL,C,071
45986,CAYMAN,36328,NULL,NULL,C,071
46003,TW,36345,NULL,NULL,C,046
46004,TW,36346,NULL,NULL,C,035
46070,TW,36412,NULL,NULL,C,071
46078,TW,36420,NULL,NULL,C,071
46115,CAYMAN,36457,NULL,NULL,C,045
46121,CAYMAN,36463,NULL,NULL,C,071
46135,TW,36477,NULL,NULL,C,071
46159,TW,36501,NULL,NULL,C,071
46212,TW,36554,NULL,NULL,C,071
46232,CAYMAN,36574,NULL,NULL,C,045
46237,TW,36579,NULL,NULL,C,010
46262,TW,36604,NULL,NULL,C,071
46267,CAYMAN,36609,NULL,NULL,C,071
46298,TW,36640,NULL,NULL,C,071
46329,CAYMAN,36671,NULL,NULL,C,045
46335,CAYMAN,36677,NULL,NULL,C,071
46349,TW,36691,NULL,NULL,C,045
46382,CAYMAN,36724,NULL,NULL,C,071
46416,CAYMAN,36758,NULL,NULL,C,071
46513,TW,36855,NULL,NULL,C,071
46514,CAYMAN,36856,NULL,NULL,C,071
46543,TW,36885,NULL,NULL,C,071
46612,TW,36954,NULL,NULL,C,041
46670,TW,37012,NULL,NULL,C,045
46766,CAYMAN,37108,NULL,NULL,C,071
46839,TW,37181,NULL,NULL,C,071
46858,TW,37200,NULL,NULL,C,071
46860,CAYMAN,37202,NULL,NULL,C,071
46863,CAYMAN,37205,NULL,NULL,C,045
46871,CAYMAN,37213,NULL,NULL,C,071
46902,TW,37244,NULL,NULL,C,071
46940,CAYMAN,37282,NULL,NULL,C,041
47061,TW,37403,NULL,NULL,C,071
47147,TW,37489,NULL,NULL,C,036
47155,TW,37497,NULL,NULL,C,045
47211,TW,37553,NULL,NULL,C,071
47214,TW,37556,NULL,NULL,C,071
47236,CAYMAN,37578,NULL,NULL,C,071
47265,TW,37607,NULL,NULL,C,046
47283,CAYMAN,37625,NULL,NULL,C,035
47312,TW,37654,NULL,NULL,C,071
47364,CAYMAN,37706,NULL,NULL,C,071
47366,CAYMAN,37708,NULL,NULL,C,071
47409,TW,37751,NULL,NULL,C,071
47512,CAYMAN,37854,NULL,NULL,C,045
47549,TW,37891,NULL,NULL,C,071
47574,CAYMAN,37916,NULL,NULL,C,071
47698,CAYMAN,38040,NULL,NULL,C,041
47758,TW,38100,NULL,NULL,C,071
47768,TW,38110,NULL,NULL,C,045
47847,CAYMAN,38189,NULL,NULL,C,071
47867,CAYMAN,38209,NULL,NULL,C,071
47906,TW,38248,NULL,NULL,C,071
47971,CAYMAN,38313,NULL,NULL,C,071
48012,CAYMAN,38354,NULL,NULL,C,041
48098,TW,38440,NULL,NULL,C,071
48108,CAYMAN,38450,NULL,NULL,C,032
48142,CAYMAN,38484,NULL,NULL,C,046
48149,TW,38491,NULL,NULL,C,071
48151,TW,38493,NULL,NULL,C,071
48175,TW,38517,NULL,NULL,C,071
48187,TW,38529,NULL,NULL,C,046
48192,CAYMAN,38534,NULL,NULL,C,071
48225,TW,38567,NULL,NULL,C,071
48234,TW,38576,NULL,NULL,C,035
48327,TW,38669,NULL,NULL,C,071
48336,CAYMAN,38678,NULL,NULL,C,071
48359,CAYMAN,38701,NULL,NULL,C,071
48360,CAYMAN,38702,NULL,NULL,C,071
48382,CAYMAN,38724,NULL,NULL,C,041
48450,TW,38792,NULL,NULL,C,071
48471,CAYMAN,38813,NULL,NULL,C,044
48486,TW,38828,NULL,NULL,C,071
48536,TW,38878,NULL,NULL,C,071
48542,TW,38884,NULL,NULL,C,071
48695,CAYMAN,39037,NULL,NULL,C,071
48705,TW,39047,NULL,NULL,C,071
48717,TW,39059,NULL,NULL,C,071
48741,TW,39083,NULL,NULL,C,071
48755,CAYMAN,39097,NULL,NULL,C,071
48777,TW,39119,NULL,NULL,C,071
48788,CAYMAN,39130,NULL,NULL,C,071
48863,CAYMAN,39205,NULL,NULL,C,071
48919,CAYMAN,39261,NULL,NULL,C,074
49020,TW,39362,NULL,NULL,C,045
49030,TW,39372,NULL,NULL,C,071
49051,TW,39393,NULL,NULL,C,071
49067,TW,39409,NULL,NULL,C,035
49074,CAYMAN,39416,NULL,NULL,C,071
49177,CAYMAN,39519,NULL,NULL,C,071
49194,CAYMAN,39536,NULL,NULL,C,010
49260,TW,39602,NULL,NULL,C,041
49395,CAYMAN,39737,NULL,NULL,C,071
49426,CAYMAN,39768,NULL,NULL,C,071
49444,CAYMAN,39786,NULL,NULL,C,041
49502,CAYMAN,39844,NULL,NULL,C,071
49504,CAYMAN,39846,NULL,NULL,C,035
49507,CAYMAN,39849,NULL,NULL,C,071
49509,TW,39851,NULL,NULL,C,071
49568,TW,39910,NULL,NULL,C,035
49569,CAYMAN,39911,NULL,NULL,C,071
49584,CAYMAN,39926,NULL,NULL,C,045
49627,TW,39969,NULL,NULL,C,071
49681,TW,40023,NULL,NULL,C,035
49690,TW,40032,NULL,NULL,C,071
49691,TW,40033,NULL,NULL,C,071
49739,CAYMAN,40081,NULL,NULL,C,071
49747,CAYMAN,40089,NULL,NULL,C,045
49800,CAYMAN,40142,NULL,NULL,C,071
49831,CAYMAN,40173,NULL,NULL,C,071
49833,CAYMAN,40175,NULL,NULL,C,071
49940,CAYMAN,40282,NULL,NULL,C,071
49951,CAYMAN,40293,NULL,NULL,C,071
49988,TW,40330,NULL,NULL,C,010
50016,TW,40358,NULL,NULL,C,071
50064,CAYMAN,40406,NULL,NULL,C,071
50087,CAYMAN,40429,NULL,NULL,C,071
50112,TW,40454,NULL,NULL,C,046
50142,TW,40484,NULL,NULL,C,071
50215,CAYMAN,40557,NULL,NULL,C,071
50227,TW,40569,NULL,NULL,C,071
50288,TW,40630,NULL,NULL,C,071
50301,TW,40643,NULL,NULL,C,071
50370,TW,40712,NULL,NULL,C,010
50416,TW,40758,NULL,NULL,C,071
50463,TW,40805,NULL,NULL,C,035
50471,TW,40813,NULL,NULL,C,035
50521,TW,40863,NULL,NULL,C,071
50564,TW,40906,NULL,NULL,C,071
50594,CAYMAN,40936,NULL,NULL,C,071
50595,TW,40937,NULL,NULL,C,071
50610,TW,40952,NULL,NULL,C,045
50622,TW,40964,NULL,NULL,C,071
50637,TW,40979,NULL,NULL,C,071
50643,CAYMAN,40985,NULL,NULL,C,045
50694,TW,41036,NULL,NULL,C,071
50697,TW,41039,NULL,NULL,C,071
50757,CAYMAN,41099,NULL,NULL,C,045
50800,TW,41142,NULL,NULL,C,010
50827,CAYMAN,41169,NULL,NULL,C,071
50834,TW,41176,NULL,NULL,C,071
50888,TW,41230,NULL,NULL,C,045
50901,CAYMAN,41243,NULL,NULL,C,045
50936,CAYMAN,41278,NULL,NULL,C,035
50940,CAYMAN,41282,NULL,NULL,C,071
50961,TW,41303,NULL,NULL,C,071
51007,TW,41349,NULL,NULL,C,071
51036,TW,41378,NULL,NULL,C,071
51099,TW,41441,NULL,NULL,C,071
51162,TW,41504,NULL,NULL,C,071
51177,CAYMAN,41519,NULL,NULL,C,036
51225,TW,41567,NULL,NULL,C,071
51246,TW,41588,NULL,NULL,C,035
51293,TW,41635,NULL,NULL,C,045
51303,CAYMAN,41645,NULL,NULL,C,071
51326,TW,41668,NULL,NULL,C,071
51355,CAYMAN,41697,NULL,NULL,C,071
51357,CAYMAN,41699,NULL,NULL,C,071
51405,TW,41747,NULL,NULL,C,071
51406,TW,41748,NULL,NULL,C,071
51408,CAYMAN,41750,NULL,NULL,C,046
51473,CAYMAN,41815,NULL,NULL,C,041
51505,CAYMAN,41847,NULL,NULL,C,071
51531,TW,41873,NULL,NULL,C,071
51533,TW,41875,NULL,NULL,C,071
51627,TW,41969,NULL,NULL,C,071
51632,CAYMAN,41974,NULL,NULL,C,045
51668,CAYMAN,42010,NULL,NULL,C,071
51676,TW,42018,NULL,NULL,C,071
51680,TW,42022,NULL,NULL,C,045
51709,CAYMAN,42051,NULL,NULL,C,045
51749,CAYMAN,42091,NULL,NULL,C,071
51829,CAYMAN,42171,NULL,NULL,C,071
51849,CAYMAN,42191,NULL,NULL,C,071
51953,TW,42295,NULL,NULL,C,071
52059,CAYMAN,42401,NULL,NULL,C,071
52217,TW,42559,NULL,NULL,C,071
52275,TW,42617,NULL,NULL,C,045
52325,TW,42667,NULL,NULL,C,071
52344,TW,42686,NULL,NULL,C,046
52427,TW,42769,NULL,NULL,C,074
52556,TW,42898,NULL,NULL,C,071
52620,CAYMAN,42962,NULL,NULL,C,071
52621,TW,42963,NULL,NULL,C,071
52659,CAYMAN,43001,NULL,NULL,C,071
52697,TW,43039,NULL,NULL,C,071
52743,CAYMAN,43085,NULL,NULL,C,071
52750,TW,43092,NULL,NULL,C,071
52779,TW,43121,NULL,NULL,C,071
52797,CAYMAN,43139,NULL,NULL,C,045
52828,TW,43170,NULL,NULL,C,071
52832,CAYMAN,43174,NULL,NULL,C,041
52880,CAYMAN,43222,NULL,NULL,C,071
52888,CAYMAN,43230,NULL,NULL,C,071
52912,CAYMAN,43254,NULL,NULL,C,045
52913,CAYMAN,43255,NULL,NULL,C,071
52926,TW,43268,NULL,NULL,C,071
52929,TW,43271,NULL,NULL,C,071
52959,CAYMAN,43301,NULL,NULL,C,045
53025,TW,43367,NULL,NULL,C,071
53049,TW,43391,NULL,NULL,C,071
53067,TW,43409,NULL,NULL,C,071
53080,TW,43422,NULL,NULL,C,036
53178,TW,43520,NULL,NULL,C,071
53252,TW,43594,NULL,NULL,C,071
53267,TW,43609,NULL,NULL,C,071
53271,TW,43613,NULL,NULL,C,071
53308,TW,43650,NULL,NULL,C,071
53316,CAYMAN,43658,NULL,NULL,C,071
53320,CAYMAN,43662,NULL,NULL,C,071
53339,TW,43681,NULL,NULL,C,071
53355,TW,43697,NULL,NULL,C,045
53376,TW,43718,NULL,NULL,C,071
53421,TW,43763,NULL,NULL,C,071
53431,CAYMAN,43773,NULL,NULL,C,071
53485,CAYMAN,43827,NULL,NULL,C,010
53491,TW,43833,NULL,NULL,C,071
53559,CAYMAN,43901,NULL,NULL,C,071
53608,CAYMAN,43950,NULL,NULL,C,071
53665,TW,44007,NULL,NULL,C,071
53671,TW,44013,NULL,NULL,C,071
53698,TW,44040,NULL,NULL,C,071
53722,TW,44064,NULL,NULL,C,071
53746,TW,44088,NULL,NULL,C,071
53783,TW,44125,NULL,NULL,C,035
53808,TW,44150,NULL,NULL,C,071
53856,TW,44198,NULL,NULL,C,071
53863,TW,44205,NULL,NULL,C,071
53881,TW,44223,NULL,NULL,C,045
54008,TW,44350,NULL,NULL,C,071
54029,TW,44371,NULL,NULL,C,044
54057,TW,44399,NULL,NULL,C,046
54119,TW,44461,NULL,NULL,C,071
54159,TW,44501,NULL,NULL,C,071
54188,TW,44530,NULL,NULL,C,071
54201,TW,44543,NULL,NULL,C,041
54220,TW,44562,NULL,NULL,C,071
54258,TW,44600,NULL,NULL,C,035
54317,TW,44659,NULL,NULL,C,071
54342,TW,44684,NULL,NULL,C,071
54386,TW,44728,NULL,NULL,C,045
54476,TW,44818,NULL,NULL,C,071
54485,TW,44827,NULL,NULL,C,033
54492,TW,44834,NULL,NULL,C,071
54499,TW,44841,NULL,NULL,C,071
54509,TW,44851,NULL,NULL,C,071
54524,TW,44866,NULL,NULL,C,071
54540,TW,44882,NULL,NULL,C,036
54557,TW,44899,NULL,NULL,C,071
54720,TW,45062,NULL,NULL,C,071
54813,TW,45155,NULL,NULL,C,071
54833,TW,45175,NULL,NULL,C,071
54927,TW,45269,NULL,NULL,C,071
55091,TW,45433,NULL,NULL,C,045
55132,TW,45474,NULL,NULL,C,071
55312,TW,45654,NULL,NULL,C,035
55316,TW,45658,NULL,NULL,C,071
55348,TW,45690,NULL,NULL,C,071
55362,TW,45704,NULL,NULL,C,071
55376,TW,45718,NULL,NULL,C,071
55497,CAYMAN,45839,NULL,NULL,C,041
55510,CAYMAN,45852,NULL,NULL,C,071
55521,TW,45863,NULL,NULL,C,046
55522,CAYMAN,45864,NULL,NULL,C,045
55531,CAYMAN,45873,NULL,NULL,C,071
55592,TW,45934,NULL,NULL,C,045
55704,TW,46046,NULL,NULL,C,071
55826,TW,46168,NULL,NULL,C,071
55971,TW,46313,NULL,NULL,C,071
55994,TW,46336,NULL,NULL,C,071
56140,TW,46482,NULL,NULL,C,071
56190,TW,46532,NULL,NULL,C,071
56191,TW,46533,NULL,NULL,C,071
56242,TW,46584,NULL,NULL,C,071
56271,TW,46613,NULL,NULL,C,046
56340,TW,46682,NULL,NULL,C,071
56436,TW,46778,NULL,NULL,C,071
56454,TW,46796,NULL,NULL,C,071
56606,TW,46948,NULL,NULL,C,071
56639,CAYMAN,46981,NULL,NULL,C,071
56652,CAYMAN,46994,NULL,NULL,C,071
56703,TW,47045,NULL,NULL,C,071
56705,TW,47047,NULL,NULL,C,071
56729,TW,47071,NULL,NULL,C,035
56870,TW,47212,NULL,NULL,C,071
56899,TW,47241,NULL,NULL,C,071
56940,TW,47282,NULL,NULL,C,046
56950,TW,47292,NULL,NULL,C,071
57007,CAYMAN,47349,NULL,NULL,C,045
57018,TW,47360,NULL,NULL,C,074
57037,TW,47379,NULL,NULL,C,071
57038,TW,47380,NULL,NULL,C,071
57164,CAYMAN,47506,NULL,NULL,C,071
57205,TW,47547,NULL,NULL,C,071
57232,TW,47574,NULL,NULL,C,071
57310,TW,47652,NULL,NULL,C,071
57327,TW,47669,NULL,NULL,C,071
57354,CAYMAN,47696,NULL,NULL,C,071
57374,TW,47716,NULL,NULL,C,071
57476,TW,47818,NULL,NULL,C,071
57502,TW,47844,NULL,NULL,C,071
57504,TW,47846,NULL,NULL,C,071
57605,TW,47947,NULL,NULL,C,071
57647,TW,47989,NULL,NULL,C,071
57813,CAYMAN,48155,NULL,NULL,C,013
57899,TW,48241,NULL,NULL,C,071